{
  "id": "2107899",
  "name": "商城移动端",
  "font_family": "iconfont",
  "css_prefix_text": "icon-",
  "description": "",
  "glyphs": [
    {
      "icon_id": "2019058",
      "name": "筛选",
      "font_class": "shaixuan",
      "unicode": "e7a6",
      "unicode_decimal": 59302
    },
    {
      "icon_id": "11116681",
      "name": "三个点",
      "font_class": "sangedian-copy",
      "unicode": "e622",
      "unicode_decimal": 58914
    },
    {
      "icon_id": "11800894",
      "name": "签到",
      "font_class": "qiandao",
      "unicode": "e83d",
      "unicode_decimal": 59453
    },
    {
      "icon_id": "12904757",
      "name": "发现",
      "font_class": "faxian",
      "unicode": "e61e",
      "unicode_decimal": 58910
    },
    {
      "icon_id": "5157",
      "name": "切换器右",
      "font_class": "qiehuanqiyou",
      "unicode": "e618",
      "unicode_decimal": 58904
    },
    {
      "icon_id": "5158",
      "name": "切换器左",
      "font_class": "qiehuanqizuo",
      "unicode": "e61c",
      "unicode_decimal": 58908
    },
    {
      "icon_id": "160001",
      "name": "home",
      "font_class": "home",
      "unicode": "e607",
      "unicode_decimal": 58887
    },
    {
      "icon_id": "160002",
      "name": "home2",
      "font_class": "home2",
      "unicode": "e60c",
      "unicode_decimal": 58892
    },
    {
      "icon_id": "201221",
      "name": "3.1购物车-选中",
      "font_class": "31gouwuchexuanzhong",
      "unicode": "e60b",
      "unicode_decimal": 58891
    },
    {
      "icon_id": "201222",
      "name": "3.1购物车",
      "font_class": "31gouwuche",
      "unicode": "e616",
      "unicode_decimal": 58902
    },
    {
      "icon_id": "82753",
      "name": "未选中圆圈",
      "font_class": "weixuanzhongyuanquan",
      "unicode": "e619",
      "unicode_decimal": 58905
    },
    {
      "icon_id": "200867",
      "name": "3.1选中",
      "font_class": "31xuanzhong",
      "unicode": "e61a",
      "unicode_decimal": 58906
    },
    {
      "icon_id": "6728971",
      "name": "share",
      "font_class": "share",
      "unicode": "e633",
      "unicode_decimal": 58931
    },
    {
      "icon_id": "312343",
      "name": "mobile",
      "font_class": "mobile",
      "unicode": "e615",
      "unicode_decimal": 58901
    },
    {
      "icon_id": "189623",
      "name": "904-安全扫码",
      "font_class": "904anquansaoma",
      "unicode": "eb0e",
      "unicode_decimal": 60174
    },
    {
      "icon_id": "2966291",
      "name": "iconfont_pic",
      "font_class": "pic",
      "unicode": "e613",
      "unicode_decimal": 58899
    },
    {
      "icon_id": "8548715",
      "name": "key",
      "font_class": "key",
      "unicode": "e614",
      "unicode_decimal": 58900
    },
    {
      "icon_id": "1305",
      "name": "购物车满",
      "font_class": "gouwucheman",
      "unicode": "e610",
      "unicode_decimal": 58896
    },
    {
      "icon_id": "689261",
      "name": "类目 品类 分类 类别.2",
      "font_class": "leimupinleifenleileibie2",
      "unicode": "e7f8",
      "unicode_decimal": 59384
    },
    {
      "icon_id": "689262",
      "name": "类目 品类 分类 类别",
      "font_class": "leimupinleifenleileibie",
      "unicode": "e7f9",
      "unicode_decimal": 59385
    },
    {
      "icon_id": "1400868",
      "name": "我的",
      "font_class": "wode",
      "unicode": "e61d",
      "unicode_decimal": 58909
    },
    {
      "icon_id": "2154053",
      "name": "Tab_动态（选中）",
      "font_class": "dongtaixuanzhong",
      "unicode": "e662",
      "unicode_decimal": 58978
    },
    {
      "icon_id": "2154054",
      "name": "Tab_动态（未选中）",
      "font_class": "dongtaiweixuanzhong",
      "unicode": "e664",
      "unicode_decimal": 58980
    },
    {
      "icon_id": "3050508",
      "name": "定位",
      "font_class": "location",
      "unicode": "e611",
      "unicode_decimal": 58897
    },
    {
      "icon_id": "6996234",
      "name": "我的",
      "font_class": "wode1",
      "unicode": "e712",
      "unicode_decimal": 59154
    },
    {
      "icon_id": "14110599",
      "name": "我 的",
      "font_class": "wode2",
      "unicode": "e612",
      "unicode_decimal": 58898
    },
    {
      "icon_id": "6756293",
      "name": "左箭头1",
      "font_class": "zuojiantou",
      "unicode": "e60a",
      "unicode_decimal": 58890
    },
    {
      "icon_id": "6756299",
      "name": "右箭头1",
      "font_class": "youjiantou1",
      "unicode": "e60e",
      "unicode_decimal": 58894
    },
    {
      "icon_id": "13875592",
      "name": "上箭头1",
      "font_class": "shangjiantou",
      "unicode": "e601",
      "unicode_decimal": 58881
    },
    {
      "icon_id": "13877862",
      "name": "下箭头1",
      "font_class": "xiajiantou",
      "unicode": "e60f",
      "unicode_decimal": 58895
    },
    {
      "icon_id": "3444822",
      "name": "消息",
      "font_class": "xiaoxi",
      "unicode": "e61f",
      "unicode_decimal": 58911
    },
    {
      "icon_id": "4729656",
      "name": "消息",
      "font_class": "xiaoxi1",
      "unicode": "e617",
      "unicode_decimal": 58903
    },
    {
      "icon_id": "282480",
      "name": "待评价",
      "font_class": "daipingjia",
      "unicode": "e663",
      "unicode_decimal": 58979
    },
    {
      "icon_id": "550162",
      "name": "service-无忧退换货",
      "font_class": "wait-for-refund-copy",
      "unicode": "e603",
      "unicode_decimal": 58883
    },
    {
      "icon_id": "1389232",
      "name": "客服",
      "font_class": "kefu",
      "unicode": "e66d",
      "unicode_decimal": 58989
    },
    {
      "icon_id": "2083579",
      "name": "叉号",
      "font_class": "chahao",
      "unicode": "e6b3",
      "unicode_decimal": 59059
    },
    {
      "icon_id": "3662542",
      "name": "客服",
      "font_class": "kefu1",
      "unicode": "e75e",
      "unicode_decimal": 59230
    },
    {
      "icon_id": "5513214",
      "name": "待收货",
      "font_class": "daishouhuo",
      "unicode": "e62a",
      "unicode_decimal": 58922
    },
    {
      "icon_id": "8159074",
      "name": "删除",
      "font_class": "shanchu",
      "unicode": "e61b",
      "unicode_decimal": 58907
    },
    {
      "icon_id": "11322428",
      "name": "收 藏-产品详情",
      "font_class": "shoucang1",
      "unicode": "e604",
      "unicode_decimal": 58884
    },
    {
      "icon_id": "11527228",
      "name": "退换货",
      "font_class": "tuihuanhuo",
      "unicode": "e631",
      "unicode_decimal": 58929
    },
    {
      "icon_id": "11656999",
      "name": "详情页－商铺",
      "font_class": "xiangqingyeshangpu",
      "unicode": "e605",
      "unicode_decimal": 58885
    },
    {
      "icon_id": "12154178",
      "name": "收 藏",
      "font_class": "shoucang2",
      "unicode": "e620",
      "unicode_decimal": 58912
    },
    {
      "icon_id": "12472768",
      "name": "代付款",
      "font_class": "daifukuan",
      "unicode": "fa29",
      "unicode_decimal": 64041
    },
    {
      "icon_id": "13565371",
      "name": "拼团购",
      "font_class": "pintuangou",
      "unicode": "e606",
      "unicode_decimal": 58886
    },
    {
      "icon_id": "68235",
      "name": "分类",
      "font_class": "fenlei",
      "unicode": "e602",
      "unicode_decimal": 58882
    },
    {
      "icon_id": "1225275",
      "name": "shoucang",
      "font_class": "shoucang",
      "unicode": "e621",
      "unicode_decimal": 58913
    },
    {
      "icon_id": "1264089",
      "name": "liaotian",
      "font_class": "liaotian",
      "unicode": "e673",
      "unicode_decimal": 58995
    },
    {
      "icon_id": "1487403",
      "name": "user",
      "font_class": "user",
      "unicode": "e608",
      "unicode_decimal": 58888
    },
    {
      "icon_id": "3234740",
      "name": "search",
      "font_class": "cx",
      "unicode": "e600",
      "unicode_decimal": 58880
    },
    {
      "icon_id": "3881446",
      "name": "success",
      "font_class": "success",
      "unicode": "e652",
      "unicode_decimal": 58962
    },
    {
      "icon_id": "6801609",
      "name": "Store",
      "font_class": "Store",
      "unicode": "e66b",
      "unicode_decimal": 58987
    },
    {
      "icon_id": "6806247",
      "name": "Store",
      "font_class": "Store1",
      "unicode": "ea90",
      "unicode_decimal": 60048
    },
    {
      "icon_id": "8343477",
      "name": "liulan",
      "font_class": "liulan",
      "unicode": "e60d",
      "unicode_decimal": 58893
    },
    {
      "icon_id": "9787977",
      "name": "liulan",
      "font_class": "liulan1",
      "unicode": "e63c",
      "unicode_decimal": 58940
    },
    {
      "icon_id": "10220793",
      "name": "more",
      "font_class": "more",
      "unicode": "e609",
      "unicode_decimal": 58889
    },
    {
      "icon_id": "11077990",
      "name": "Location icon@2x",
      "font_class": "Locationiconx",
      "unicode": "e6cf",
      "unicode_decimal": 59087
    },
    {
      "icon_id": "13244046",
      "name": "delete",
      "font_class": "delete",
      "unicode": "e62b",
      "unicode_decimal": 58923
    },
    {
      "icon_id": "14326923",
      "name": "pwd-lock",
      "font_class": "pwd-lock",
      "unicode": "e65c",
      "unicode_decimal": 58972
    }
  ]
}
